외국어 가능 약국 현황,,,,,
,(2015. 10. 30. 기준),,,,
연번,자치구,약국이름,주소,전화번호,가능 외국어
1,종로구,건강약국,혜화로 2(혜화동),764-9918,영어
2,종로구,공생약국,"종로 228, 1층(종로5가)",2273-7826,"영어,일어"
3,종로구,그린약국,종로 313(창신동),745-2112,영어
4,종로구,녹십자약국,창신길 17(창신동),765-2766,영어
5,종로구,단골약국,지봉로 50(숭인동),745-0731,영어
6,종로구,대성약국,"청계천로 291,가동1층(창신동,동대문상가)",743-5800,영어
7,종로구,대서울약국,"창경궁로 158,2층(원남동)",762-6060,영어
8,종로구,대학약국,"창경궁로 162,1,2층(원남동)",3672-3672,영어
9,종로구,독일약국,종로 314(창신동),764-5511,영어
10,종로구,동서약국,종로 222(종로5가),2266-8911,영어
11,종로구,동아약국,종로 192(종로4가),2285-5702,"영어,일어"
12,종로구,동인약국,창신길 11(창신동),743-7371,영어
13,종로구,메디칼서울약국,대학로9길 6(명륜4가),766-9000,"영어,중국어"
14,종로구,믿음약국,"종로 335-1,지하1층(창신동,명제빌딩)",745-6678,영어
15,종로구,보광약국,"대학로93-3,1층(연건동)",762-2515,"영어,일어"
16,종로구,보람약국,종로 326(창신동),743-7915,영어
17,종로구,보령약국,종로 203(종로5가),763-8181,"영어,중국어"
18,종로구,삼정바로약국,"새문안로 27,1층(평동)",736-3385,영어
19,종로구,종로제일약국,종로 205(종로5가),3672-8558,"영어,중국어,일어"
20,종로구,새현대약국,"사직로 130, 38호(적선동)",720-5662,"영어, 중국어,일어"
21,종로구,서울종로약국,대학로 117(명륜4가),3676-1400,영어
22,종로구,성심약국,"지봉로 61, 1층 (창신동)",743-2062,영어
23,종로구,성진약국,창경궁로 271-1 (혜화동),762-2211,영어
24,종로구,숭인약국,"종로 407, 1층 (숭인동)",929-0754,영어
25,종로구,숭인다모아약국,지봉로8길 54 (숭인동),765-5885,영어
26,종로구,시민약국,자하문로 2 (적선동),736-6512,영어
27,종로구,열린약국,종로 204 (종로4가),2264-8211,"영어,일어"
28,종로구,인제약국,종로 194 (종로4가),2266-4312,"영어,일어"
29,종로구,정문약국,창경궁로 162-2 (원남동),765-7200,"영어,일어,중국어"
30,종로구,제신약국,"종로 266, D동 (종로6가)",2279-7388,영어
31,종로구,종근당약국,종로 230-1 (종로5가),2274-1311,"영어,일어"
32,종로구,종로백제약국,종로 235 (종로5가),745-8492,영어
33,종로구,종로프라자약국,자하문로 63 (옥인동),736-0806,영어
34,종로구,충신약국,율곡로 259 (충신동),762-9909,영어
35,종로구,한독약국,동숭길 52 (동숭동),762-4636,영어
36,종로구,함춘약국,대학로 93 (연건동),741-0370,영어
37,중구,세계약국,"남대문로 67,명동지하상가바-2 (남대문로2가)",776-8000,"영어, 일본어, 중국어"
38,중구,서울약국,세종대로21길 63 (태평로1가),737-2636,영어
39,중구,백조약국,세종대로21길 61 (태평로1가),738-8808,"영어, 일본어, 중국어"
40,중구,인우약국,중구 중림로 21 (중림동),392-7291,영어
41,중구,남시약국,남대문로 18 (남대문로3가),753-7466,"영어, 일본어"
42,중구,희구약국,남대문시장4길 35 (남창동),752-0229,영어
43,중구,새삼성약국,남대문로 16-1 (남대문로4가),756-3301,엉어
44,중구,서울왕약국,남대문로 22 (남대문로3가),3789-7048,"영어, 일본어"
45,중구,남산우리약국,"소공로 35, 102호(회현동1가, 남산롯데캐슬아이리스)",3789-7582,"영어, 중국어"
46,중구,대우사약국,세종대로 22 (남대문로5가),753-2703,영어
47,중구,신우신약국,남대문로5가,752-9086,영어
48,중구,센츄럴팜약국,"한강대로 405 (봉래동2가, 경부고속철도서울민자역사)",393-5505,"영어, 일본어"
49,중구,새원약국,명동길 52 (명동2가),776-4476,"영어, 일본어, 중국어"
50,중구,연합약국,퇴계로 120 (남산동1가),778-3451,"영어, 일본어, 중국어"
51,중구,새충무약국,명동8가길 11 (충무로2가),776-4820,영어
52,중구,푸른약국,명동8길 47 (충무로2가),775-7428,"영어, 일본어"
53,중구,유네스코약국,"명동길 26 , 402호(명동2가, 유네스코회관)",778-7880,영어
54,중구,명동중앙약국,"명동8나길 49, 102호 (충무로1가,동남빌딩A동)",777-0505,영어
55,중구,명동사랑약국,"퇴계로 109,1층102호 (충무로1가)",778-9975,영어
56,중구,오성약국,퇴계로41길 51 (인현동2가),2279-5500,영어
57,중구,성균제일약국,퇴계로48길 31 (묵정동),2269-6872,영어
58,중구,신성약국,다산로 214 (신당동),2273-1390,영어
59,중구,하나약국,"무교로 32,408호 (무교동, 효령빌딩)",755-5155,영어
60,중구,을지수약국,마른내로 12 (저동2가),2275-2113,영어
61,중구,필약국,"필동로 14, 103호 (필동2가, 대평빌딩)",2268-7552,영어
62,중구,지하근화사약국,"을지로 지하 131, 3-11 (을지로3가, 을지로3구역지하쇼핑)",2272-4986,영어
63,중구,장수약국,퇴계로86길 6 (신당동),2252-2929,영어
64,중구,신라약국,남대문로9길 16 (다동),777-4826,영어
65,중구,보생당약국,퇴계로 192 (필동1가),2267-8830,중국어
66,중구,왕란약국,을지로44길 20 (광희동1가),2267-1492,중국어
67,용산구,메디팜최약국,"용산구 청파로 324, 1층(청파동1가)",715-6009,영어
68,용산구,명진당약국,용산구 청파로 387(서계동),717-5603,영어
69,용산구,소명약국,용산구 우사단로 43(이태원동),795-9954,영어
70,용산구,전약국,용산구 원효로25길 31(원효로4가),979-9834,영어
71,용산구,종로프라자약국,"용산구 한강대로23길 55, 지하2층 이마트내(한강로3가)",2012-1276,영어
72,용산구,제일약국,용산구 대사관로60(한남동),792-8422,영어
73,용산구,현대온누리약국,용산구 이촌로280(이촌동),795-9842,영어
74,용산구,우리약국,"용산구 한강대로23길 55, 리빙관 6층 218호(한강로3가)",2012-1507,영어
75,용산구,가장큰태평양약국,용산구 대사관로 52(한남동),790-3376,영어
76,용산구,공항약국,용산구 청파로 378 1층(동자동),313-2780,"영어, 일본어, 중국어"
77,용산구,수약국,용산구 백범로 283(효창동),701-8224,영어
78,용산구,이촌프라자약국,"용산구 이촌로88길 3, 1층 12-2호(이촌동)",749-8686,영어
79,용산구,원효약국,"용산구 원효로 166, 103호(원효로2가, 원효아파트)",6407-7234,중국어
80,용산구,하이약국,"용산구 한강대로 256, 1층(남영동, 수빌딩)",070-4122-1004,영어
81,용산구,금보약국,"용산구 원효로 51ㅡ 110호(산천동, 삼성테마트상가)",718-3673,영어
82,용산구,밝은누리약국,용산구 녹사평대로 32길 47 지하1층(이태원동),792-2621,영어
83,용산구,동부약국,용산구 이촌로 245(이촌1동),795-6242,일어
84,성동구,신금호약국,성동구 행당로 1(금호동1가),2282-5230,영어
85,성동구,평안약국,성동구 고산자로6길 40(행당동),2294-8111,영어
86,성동구,대학약국,성동구 사근동길 4(행당동),2293-0554,일본어
87,성동구,일진약국,성동구 용답중앙길 80-1(용답동),2245-3665,영어
88,성동구,영민약국,성동구 성수일로 10길 32(성수동2가),466-1377,영어
89,성동구,다나을약국,성동구 장터1길 2(금호동3가),2231-1703,영어
90,성동구,기린약국,성동구 독서당로 173(옥수동),2299-8850,영어
91,성동구,유명한약국,성동구 독서당로 295-1(금호동3가),2238-9268,영어
92,성동구,대중약국,성동구 왕십리로 379(하왕십리동),2292-4418,영어
93,성동구,메디팜한솔약국,성동구 행당로 84(행당동),2282-7948,영어
94,성동구,명동온누리약국,"성동구 고산자로 164, 107호(행당동, 행당한신A)",2281-7292,영어
95,성동구,혜민약국,성동구 마조로 30(행당동),2293-2729,영어
96,성동구,정민약국,성동구 용답중앙 3나길 24(용답동),2212-8762,영어
97,성동구,제일약국,성동구 독서당로 378(응봉동),2293-6946,영어
98,광진구,구내약국,광진구 워커힐로 177 (광장동),02-450-4759,"영어, 일본어"
99,광진구,천사약국,"광진구 능동로 409, 1층 (중곡동)",02-463-9380,영어
100,광진구,동서울약국,"강변역로 50, 124호 (구의동)",02-452-0015,영어
101,동대문구,삼성엠(M)약국,동대문구 왕산로 247-1(청량리동),967-3315,영어
102,동대문구,세광약국,동대문구 왕산로 171(제기동),962-8989,"영어,일어"
103,동대문구,복지약국,동대문구 천호대로 227(답십리동),2217-3606,영어
104,동대문구,참이화약국,"동대문구 천호대로 307,104호(답십리동,클래식타워)",2247-5029,"영어,중국어"
105,동대문구,장안평약국,동대문구 답십리로 304(장안동),2212-9430,영어
106,동대문구,새이화약국,"동대문구 장한로 140, 1층(장안동)",2214-2488,"영어,스페인어"
107,동대문구,나나약국,동대문구 장한로18길 59(장안동),2245-2594,영어
108,동대문구,동대문보건약국,동대문구 고산자로28가길 2(용두동),965-7162,영어
109,동대문구,동대문21세기약국,"동대문구 천호대로 13,지하1층(용두동,홈플러스)",964-1717,영어
110,동대문구,답십리백화점약국,동대문구 전농로 102(답십리동),2215-9454,영어
111,동대문구,뉴메디칼약국,동대문구 전농로 147(전농동),2215-6291,영어
112,동대문구,신행당약국,"동대문구 사가정로 148,3층(전농동, SK아파트스포츠상가 )",2212-1931,영어
113,중랑구,은혜당약국,망우로32길 49,437-3337,영어
114,중랑구,새봉화,신내로 211  금강리빙스텔203-A,3421-3383,일본어
115,중랑구,건강제일온누리,동일로 786,491-1114,영어
116,중랑구,이안온누리,면목로 305,493-5074,"영어,중국어"
117,중랑구,나을,동일로 608,433-4955,영어
118,중랑구,태릉프라자,중랑역로 51,2208-0922,영어
119,중랑구,우리종로,용마산로 501,433-1100,영어
120,중랑구,서울메디칼,"신내로16길 17 ,서울메디칼타워 103호",3422-5000,영어
121,성북구,운용약국,성북구 회기로 9 (종암동),912-3417,일본어
122,성북구,강원약국,성북구 아리랑로 117-7 (정릉동),914-8814,영어
123,성북구,서울고명약국,성북구 북악산로17길 2 (돈암동),923-6811,영어
124,성북구,알파약국,성북구 장위로42-1(장위동),918-7692,영어
125,성북구,온누리청수약국,성북구 보국문로 164 (정릉동),913-2328,영어
126,성북구,영생약국,성북구 종암로5길 26 선경A상가 1호(종암동),928-5777,영어
127,성북구,신선명약국,성북구 돌곶이로6길 22 (석관동),966-5913,영어
128,성북구,대림당약국,"성북구 길음로7길 31, ,75,76 (길음동)",913-0832,영어
129,성북구,자성약국,성북구 인촌로7라길 40 (안암동1가),928-8974,"영어,일본어"
130,성북구,부산약국,성북구 장위로 124 (장위동),915-4560,영어
131,성북구,정릉약국,성북구 보국문로 45 (정릉동),914-3982,영어
132,성북구,대건약국,성북구 서경로 2 (정릉동),914-6815,영어
133,성북구,태명약국,성북구 장위로50길 66 (장위동),915-1365,영어
134,성북구,남진약국,"성북구 길음로 20, 514동 515호(길음동, 길음뉴타운상가동)",913-9270,영어
135,성북구,세종약국,성북구 보국문로 168 (정릉동),914-3685,영어
136,성북구,온누리자애약국,성북구 보문로23길 7 (보문동5가),926-6678,영어
137,성북구,인현약국,성북구 돌곶이로41길 33 (장위동),918-7353,영어
138,성북구,보건약국,성북구 장월로 151 (장위동),915-1336,영어
139,성북구,백경약국,성북구 돌곶이로 34 (석관동),963-8974,영어
140,성북구,동선약국,성북구 동소문로26다길 17 (동선동3가),923-7731,영어
141,성북구,수보약국,성북구 솔샘로6길 63 (정릉동),914-1555,영어
142,성북구,관문약국,성북구 장위로 177 (장위동),915-1241,영어
143,성북구,구원약국,성북구 오패산로 16 (하월곡동),913-1139,영어
144,성북구,나바론약국,성북구 동소문로 3-1 (동소문동1가),762-6300,영어
145,성북구,새민우약국,성북구 북악산로 845 쌍용아파트상가203동301호 (정릉동) ,917-4275,영어
146,성북구,굿모닝약국,"성북구 동소문로 16-1, 1층 (동소문동2가)",913-3623,영어
147,성북구,소망약국,성북구 정릉로 322 (정릉동),918-8055,영어
148,성북구,장일약국,성북구 정릉로 274 (정릉동),916-8373,영어
149,성북구,동부약국,성북구 숭인로2길 61 동부센트레빌아파트분산상가 103호 (길음동),983-7950,영어
150,성북구,국민약국,성북구 정릉로10길 42-2 (정릉동),914-5782,영어
151,성북구,모당약국,성북구 아리랑로5길 1 (동소문동7가),925-4465,영어
152,성북구,세원약국,성북구 동소문로20가길 51 (동선동1가),922-6060,영어
153,성북구,온누리민우약국,성북구 돌곶이로22길 49 (석관동),969-4582,영어
154,성북구,온누리진호약국,성북구 돌곶이로 36-1 (석관동),964-1944,영어
155,성북구,승일약국,성북구 화랑로37길 50-14 (장위동),915-4057,영어
156,성북구,대학약국,성북구 인촌로 89 (안암동5가),924-1919,영어
157,성북구,혜조약국,성북구 종암로21길 128 (종암동),922-5076,영어
158,성북구,삼화약국,성북구 돌곶이로 196-1 (장위동),911-4642,영어
159,성북구,월곡약국,성북구 화랑로11길 6 (하월곡동),913-2900,영어
160,성북구,건강한약국,성북구 동소문로42길 14 (하월곡동),916-6445,영어
161,성북구,온누리성모약국,"성북구 성북로4길 52, 한신한진(아)제상가 417동 102호 (돈암동)",927-1282,중국어
162,성북구,화성약국,성북구 오패산로 73 (하월곡동),913-8936,영어
163,성북구,태평양약국,"성북구 보국문로16길 31, 1층 (정릉동)",919-2525,영어
164,성북구,부민약국,성북구 화랑로13길 9 (하월곡동),912-7393,영어
165,성북구,온누리두산약국,"성북구 화랑로48길 16, 두산아파트 상가 101호 (석관동)",959-2668,영어
166,성북구,광혜당약국,성북구 장월로 88-1 (장위동),942-5199,영어
167,성북구,청십자약국,성북구 보문로 99 (보문동5가),923-2393,영어
168,성북구,하나온누리약국,성북구 화랑로 95 (하월곡동),914-0035,영어
169,성북구,미래약국,성북구 인촌로 85 (안암동5가),924-5264,영어
170,성북구,연약국,"성북구 동소문로 12, 지층 (동소문동2가)",3675-5778,영어
171,성북구,삼원약국,성북구 종암로 120 (종암동),941-8550,영어
172,성북구,보문약국,성북구 보문로 123 (보문동2가),921-3844,영어
173,성북구,웰빙우정약국,성북구 월계로 46 (하월곡동),941-1923,영어
174,성북구,신세원약국,성북구 동소문로 245-2 (길음동),909-0928,영어
175,성북구,백두산약국,"성북구 인촌로 78, 1층,2층 (안암동5가)",927-2792,영어
176,성북구,한솔약국,성북구 동소문로 57-1 (동소문동4가),926-6479,영어
177,성북구,참사랑약국,성북구 장위로 107 (장위동),942-3137,영어
178,성북구,정릉메디칼약국,성북구 정릉로 326 (정릉동),912-2727,영어
179,성북구,지선약국,성북구 장월로12길 15 (장위동),911-1996,영어
180,성북구,21세기고려약국,"성북구 인촌로 80, 1층 (안암동5가)",929-9696,영어
181,성북구,옵티마시민약국,성북구 보문로 93 (보문동5가),928-8663,영어
182,성북구,안세약국,성북구 동소문로7길 2 (동소문동4가),2202-4484,영어
183,성북구,길음메디칼약국,성북구 길음로 2 (길음동),915-5777,영어
184,성북구,준약국,성북구 성북로 5길2 (성북동),764-4835,영어
185,성북구,해오름약국,성북구 솔샘로25길 28 풍림아이원아파트 202동상가 211호 (정릉동),912-2302,영어
186,성북구,미소약국,성북구 삼선교로10길 23 (삼선동2가),744-4415,영어
187,성북구,메디칼팜약국,성북구 오패산로 49 (하월곡동),909-0508,영어
188,성북구,그약국,성북구 보국문로 46 (정릉동),911-0488,영어
189,성북구,선약국,성북구 돌곶이로41길 10 (장위동),942-4553,영어
190,성북구,청솔약국,성북구 한천로 743 (장위동),909-8067,영어
191,성북구,동인약국,성북구 동소문로 107 (동선동4가),926-3533,영어
192,성북구,아이사랑약국,성북구 정릉로31길 6 (정릉동),070-8616-4340,영어
193,성북구,사랑의약국,성북구 종암로 115 (종암동),922-7111,영어
194,성북구,삼성약국,"성북구 동소문로 190, 중앙빌딩 1층 (돈암동)",929-3069,영어
195,성북구,중앙프라자약국,"성북구 동소문로 98, 통운빌딩 1층 (동소문동5가)",927-5606,영어
196,성북구,십자성약국,"성북구 한천로78길 53, 1층(석관동)",966-0710,영어
197,성북구,계산온누리약국,성북구 동소문로20길 43 (동선동1가),925-4551,일본어
198,성북구,세기약국,성북구 동소문로 235 (길음동),3292-1224,영어
199,성북구,장위성모약국,성북구 장위로 122 (장위동),913-7516,영어
200,성북구,참약국,성북구 종암로21길 3 용진빌딩 1층(종암동),922-9458,영어
201,성북구,큰사랑약국,성북구 동소문로 66 (동소문동3가),922-9721,영어
202,성북구,남산약국,성북구 장위로 118 (장위동),911-1224,영어
203,성북구,한미약국,성북구 종암로 97 (종암동),925-0825,영어
204,성북구,옵티마e-편한약국,"성북구 삼양로13길 45, 대림아파트 상가 316호 (길음동)",909-3525,영어
205,성북구,송원온누리약국,"성북구 종암로 132, 우림카이저팰리스 201호 (종암동)",915-3500,영어
206,성북구,월곡우리약국,"성북구 월계로 52, 에스엠메디칼 102호 (하월곡동)",917-7400,영어
207,성북구,W스토어 아침을 여는 햇살약국,"성북구 동소문로 14-1, 1층 (동소문동2가)",762-0234,영어
208,성북구,서현약국,"성북구 정릉로32길 4, 1층 (정릉동)",3292-0999,영어
209,성북구,허브약국,"성북구 보국문로 160, 1층 (정릉동)",913-6786,영어
210,성북구,조아약국,"성북구 화랑로 87, 1층 (하월곡동)",919-8575,영어
211,성북구,파란하늘약국,"성북구 성북로4길 52, 한신한진APT제상가417동501호 (돈암동)",929-8723,영어
212,성북구,성북녹십자약국,"성북구 동소문로 32, 1층 (동소문동3가)",926-4166,영어
213,성북구,프라임온누리약국,"성북구 월계로40길 7, 센트럴타운 상가 1층 109호 (장위동)",916-9472,영어
214,성북구,3층약국,"성북구 동소문로 248, (삼부아파트상가102동314-1호) (길음동)",915-0022,영어
215,성북구,명소약국,"성북구 돌곶이로 28, 1층 (석관동)",965-0237,영어
216,성북구,민성약국,"성북구 종암로27길 13, 도원프라자 101호 (종암동)",927-6959,영어
217,성북구,이화프라자약국,"성북구 보국문로 50, 청수프라자 지하1층B105호 (정릉동)",914-2053,영어
218,성북구,두리온누리약국,"성북구 종암로 85, 1층 (종암동)",923-0450,영어
219,성북구,성북월드팜약국,서울시 성북구 화랑로25길 14 (장위동),918-7972,"영어, 일어, 독일어, 러시아어"
220,성북구,월곡보건약국,성북구 화랑로 61 (하월곡동),909-8144,영어
221,성북구,코끼리약국,"성북구 오패산로 98, 로만프라자 103-2호 (하월곡동)",909-0555,"영어,일본어"
222,성북구,웰팜약국,성북구 길음로13길 22 길음뉴타운 두산위브상가 지하1층 10호 (길음동),914-7773,영어
223,성북구,서울약국,"성북구 동소문로 181, 성북성심빌딩 1층 (돈암동)",924-5191,영어
224,성북구,메디팜백약국,"성북구 오패산로 57, 1층 (하월곡동)",912-6200,영어
225,성북구,신중앙약국,"서울시 성북구 종암로 68, 1층 (종암동)",943-8331,영어
226,성북구,스타약국,성북구 동소문로 92 (동소문동5가),070-4257-5277,영어
227,성북구,푸른약국,"성북구 돌곶이로 25, 101호 (석관동)",969-0566,영어
228,성북구,은혜약국,성북구 종암로 91 (종암동),926-1122,영어
229,성북구,이화약국,"성북구 길음로 20, 길음뉴타운 상가동 1층 116호 (길음동)",911-4326,영어
230,성북구,길음시장약국,"성북구 길음로9길 50, 길음뉴타운9단지아파트 상가 101호 (길음동)",070-4402-4565,영어
231,성북구,지혜약국,성북구 한천로 649 (장위동),070-7648-9731,영어
232,성북구,미소담약국,"성북구 보국문로 49, 1층 (정릉동)",6349-2589,영어
233,성북구,성신약국,성북구 동소문로 125 (동선동4가),921-9971,영어
234,성북구,길약국,"성북구 성북로4길 52, 한진아파트 418동 3층 2302호 (돈암동)",923-9994,중국어
235,성북구,신정릉우리약국,"성북구 보국문로 43, 야원빌딩 103호 (정릉동)",942-8831,영어
236,성북구,영준약국,"성북구 오패산로3길 158, 1층(하월곡동)",912-4813,영어
237,성북구,금강약국,성북구 안암로103 (안암동),924-7575,영어
238,성북구,세계로약국,"성북구 화랑로40길 54, 영원빌딩 1층 (석관동)",962-5446,영어
239,성북구,호수온누리약국,성북구 동소문로47길 12 (길음동),988-8979,영어
240,성북구,행복한약국,성북구 보문로 34길 59(동선동),927-8253,영어
241,성북구,바른온누리약국,"성북구 화랑로76 1층 112-1호(하월곡동, 코업스타클래스)",942-4750,영어
242,성북구,덕성온누리약국,성북구 아리랑로 89 일신건영휴먼빌 상가 102호(돈암동),922-0555,영어
243,성북구,신흥약국,성북구 보국문로 76 (정릉동),914-4103,영어
244,성북구,365약국,"성북구 동소문로 321, 1층 (길음동)",985-1365,영어
245,성북구,사랑받는약국,성북구 정릉로36길 28 (정릉동),943-2385,영어
246,성북구,뉴대원약국,"성북구 화랑로 248, 장위뉴타워 101호 (석관동)",963-0792,영어
247,성북구,유민약국,성북구 동소문로 127-2,929-8937,영어
248,성북구,우주온누리약국,성북구 아리랑로 15 (동소문동6가),922-0544,영어
249,성북구,청춘한약국,"성북구 길음로9길 50, 길음뉴타운제상가동제지1층120호 (길음동)",6467-9595,영어
250,성북구,새국민약국,"성북구 화랑로 91, 1층 (하월곡동)",909-3463,영어
251,성북구,삼성약국,성북구 동소문로 190(돈암동),929-3069,영어
252,성북구,아름다운약국,"성북구 길음로 33, 삼성레미안 4차 B동상가지하1층 17,18호 (길음동)",912-5148,영어
253,성북구,동민약국,"성북구 오패산로 99, 동민빌딩 102호, 201호 (하월곡동)",6925-0008,영어
254,성북구,정문약국,성북구 인촌로 82 (안암동5가),924-2121,영어
255,성북구,돌곶이온누리약국,"성북구 화랑로 248, 장위뉴타워 1층 102호, 102-1호 (석관동)",967-5555,영어
256,성북구,새보건약국,성북구 화랑로 67 (하월곡동),911-7111,영어
257,강북구,늘푸른평강약국,"한천로 1043, 1층(수유동)",02-903-5022,영어
258,강북구,다나을약국,"도봉로 333, 6층(수유동, 정우빌딩)",02-900-3133,영어
259,강북구,동아약국,도봉로 118(미아동),02-985-1448,영어
260,강북구,번동종로약국,"오현로34길 23-4, 104호(번동)",02-981-2030,영어
261,강북구,세계로약국,도봉로 253(수유동),02-985-0503,영어
262,강북구,수유상록수약국,"도봉로 328, 301호(번동, 가든타워빌딩)",02-900-7722,영어
263,강북구,어약국,삼각산로 132(수유동),02-902-5119,영어
264,강북구,에버그린약국,한천로 1000(번동),02-999-7101,영어
265,강북구,이원약국,삼양로 244(미아동),02-946-1958,영어
266,강북구,인수약국,삼각산로 71(수유동),02-993-7378,영어
267,강북구,정해약국,삼양로 516(수유동),02-902-1442,영어
268,강북구,제일약국,도봉로 376(번동),02-592-4920,영어
269,강북구,지영약국,삼양로 423(수유동),02-902-1072,영어
270,강북구,한사랑온누리약국,인수봉로 142(수유동),02-980-1214,영어
271,강북구,햇살약국,도봉로 217(미아동),02-987-5159,영어
272,강북구,녹원당약국,"한천로105길 23, 101호(번동, 주공1단지상가)",02-989-8315,일어
273,강북구,한양약국,삼양로87길 35(수유동),02-902-2470,일어
274,강북구,우리들약국,오현로 190(번동),02-981-7577,중국어
275,강북구,종로태평양약국,오패산로 130(미아동),02-985-0393,영어
276,도봉구,메디팜건강,쌍문동 88-105,906-1800,영어
277,도봉구,팜코리아,도봉1동 620-19,955-7017,영어
278,도봉구,대한,쌍문1동 503-1,999-7896,영어
279,도봉구,영훈,창3동 557-5,900-3943,영어
280,도봉구,뉴지명,창3동 557-9,993-2082,영어
281,도봉구,신성,방학3동 271-4 신동아APT 중앙상가 111호,3491-0731,영어
282,도봉구,상록수온누리,방학2동 661-39 1층,954-2950,영어
283,도봉구,광장,창4동 16번지 제일빌딩 101호,990-6527,영어
284,도봉구,혜민,도봉1동 603-7,954-1653,영어
285,도봉구,비타민,창1동 661-40 하나빌딩 1층,902-4797,영어
286,도봉구,후문,창1동 661-40 하나빌딩 1층,995-8588,영어
287,도봉구,건강제일녹십자약국,"쌍문2동 723 신원2차 103, 104호",906-1024,영어
288,도봉구,종로세명약국,방학2동 668-5,3492-9963,영어
289,도봉구,청수약국,방학2동635,3493-6912,영어
290,도봉구,쌍문상록수약국,쌍문4동215-1 우진빌딩,990-0600,영어
291,노원구,이화약국,중계동 대호프라자 319호,951-6102,"영어, 일본어"
292,노원구,나현약국,상계2동 176-103,936-7718,영어 
293,노원구,신흥약국,하계동 180-22,974-3414,중국어
294,노원구,평강상록수약국,상계8동 651-5 1층 103호,935-6644,영어
295,노원구,유림약국,상계10동 1295 우방A상가 101호,930-6858,영어
296,노원구,마들소아약국,상계9동 649번지 상계주공단지상가 201호 ,932-3900,영어
297,노원구,푸른바다약국,"월계동 46-1 인현빌딩 106호,107호",941-3838,영어
298,노원구,서경약국,상계5동451번지 한신2차상가 202호,933-0747,영어
299,노원구,참약국,하계2동 271-3 벽산아파트상가동 206-1,979-2204,영어
300,노원구,마들한중약국,상계8동 651-7 합동빌딩 203호,937-3393,영어
301,은평구,메디팜건강약국,수색로270-1(수색동),372-9791,영어
302,은평구,선우약국,은평로56(신사동),302-5583,영어
303,은평구,성환약국,진흥로1길23(역촌동),355-8374,영어
304,은평구,소원약국,수색로256(수색동),372-6474,영어
305,은평구,신수색태평양약국,"수색로250, 1층(수색동)",307-7579,영어
306,은평구,온누리새소망약국,"은평터널로65(수색동,대림숲타운상가)",309-3771,영어
307,은평구,유진약국,서오릉로162(갈현동),384-8877,영어
308,은평구,참사랑약국,응암로323(응암동),356-7676,영어
309,은평구,최 약 국,응암로4길27-1(응암동),302-7121,일어
310,은평구,온누리솔빛약국,갈현로107(역촌동),355-8224,중국어
311,은평구,유정약국,연서로258(불광동),355-6270,중국어
312,서대문구,연희위드팜약국,서대문구 신촌로 75 (창천동),02-312-6949,"영어, 일본어"
313,서대문구,독수리약국,"서대문구 연세로 36, 1층 (창천동)",02-3147-0770,영어
314,서대문구,대학약국,서대문구 연세로 37-1 (창천동),02-323-0111,영어
315,서대문구,한사랑온누리약국,"서대문구 신촌로 183, 지하1층 (대현동, 유인빌딩)",02-364-5455,영어
316,서대문구,정문약국,서대문구 연세로 41 (창천동),02-324-4652,영어
317,서대문구,위드팜신촌약국,서대문구 성산로 486 (대신동),02-312-5103,"영어, 일본어"
318,서대문구,세연약국,"서대문구 연세로 50, 1층 (신촌동, 연대동문회관)",02-364-6141,영어
319,서대문구,홍제봄약국,"서대문구 통일로39가길 29, 1층 (홍제동)",02-394-3599,영어
320,서대문구,산들약국,서대문구 통일로 356 (홍제동),02-723-9887,영어
321,서대문구,서울솔약국,서대문구 통일로 452 (홍제동),02-998-9310,영어
322,서대문구,한미약국,서대문구 수색로 30 (남가좌동),02-375-3548,중국어
323,서대문구,연희종로약국,서대문구 연희로 109 (연희동),02-3141-4040,영어
324,서대문구,푸른약국,서대문구 거북골로 67 (남가좌동),02-373-0547,영어
325,서대문구,일심약국,서대문구 연세로 42 (창천동),02-392-3333,영어
326,마포구,마리약국,"마포대로 109, 2층(공덕동, 롯데시티호텔)",6009-1166,"영어, 일어"
327,마포구,옵티마강화약국,"서강로 137, 101호(노고산동)",337-6969,영어
328,마포구,다나약국,"대흥로 186-2, 1층(대흥동)",715-3133,"영어, 중국어"
329,마포구,비타민약국,"백범로 90, 1층(대흥동, 동보빌딩)",713-6563,영어
330,마포구,서광타워약국,"대흥로 182, 1층(대흥동)",701-2141,영어
331,마포구,마포종로약국,"월드컵로 73, 1층(망원동)",336-3496,영어
332,마포구,태평양약국,"홍익로 1, 1층(서교동)",322-8344,영어
333,마포구,우대약국,"만리재로 27, 1층(신공덕동)",718-4897,영어
334,마포구,즐거운약국,"큰우물로 53, 106호(염리동, 마포네이버타운)",714-7588,영어
335,마포구,메디팜신마포약국,"창전로 45, 103동 108호(창전동, 서강한화오벨리스크 단지내 상가)",324-4625,"영어, 중국어"
336,마포구,신촌세민약국,"신촌로 78, 1층(노고산동)",323-0900,중국어
337,양천구,현대메디칼약국, 목1동 916 현대백화점 지하2층 ,2163~3968,영어
338,양천구,예인약국, 신월7동 921-1 ,2693~4373,영어
339,양천구,월드약국, 목5동 907 현대월드타워상가1층 ,6678~2244,영어
340,양천구,가까운온누리약국,신정6동 321-6 센트럴프라자B(106),2650-8828,영어
341,양천구,내외약국,신월4동 544-9,2697-5065,영어
342,양천구,대우실로암약국,신월5동 18-4,2602-6489,영어
343,양천구,마트온누리약국,목1동 962 목동트라팰리스(지하101),2651-3467,영어
344,양천구,메디팜삼성약국,목동917-7 홈플러스목동점(지하1층),2643-9685,영어
345,양천구,문화약국,신월7동 986-4,2602-5602,영어
346,양천구,수정약국,신정3동 1031-1,2644-3395,영어
347,양천구,신월시장약국,신월1동 115-11,2602-7613,영어
348,양천구,예인약국,신월7동 921-1,2692-4373,영어
349,양천구,오렌지라임약국,신정4동 899-7,2601-8557,영어
350,양천구,월드약국,목5동 907 현대월드타워상가(1층),6678-2244,영어
351,양천구,은혜약국,신정4동 908-15,2698-1635,영어
352,양천구,제민약국,신월1동 229-3,2603-3918,영어
353,양천구,청송온누리약국,목4동 739-1,2651-5319,영어
354,강서구,강서연세약국,화곡로 346 ?(화곡동),2606-1531,영어
355,강서구,대현온누리약국,양천로 556 ?(등촌동)?,2668-2525,영어
356,강서구,바이엘약국,화곡로 110 (화곡동),2607-0217,영어
357,강서구,한빛약국,강서로62길 98 ?(등촌동),2658-7371,영어
358,강서구,부영약국,"강서로56나길 110 ?(등촌동, 부영아파트)?",3663-1809,영어
359,강서구,가양종로약국,양천로 460 ?(등촌동)?,2659-2356,영어
360,강서구,연수당약국,강서로18길 26 ?(화곡동),2694-7582,영어
361,강서구,우리온누리약국,가로공원로76길 100 ?(화곡동),2692-7020,영어
362,강서구,21C세계로약국,화곡로 173 ?(화곡동)?,2607-0624,영어/일어
363,강서구,제일메디칼약국,가로공원로 187 ?(화곡동),6402-3579,영어
364,강서구,국제공항약국,하늘길 38 (방화동),2664-1350,일본어
365,강서구,태평양약국,등촌로 41 ?(화곡동)?,2652-7214,영어
366,강서구,솔약국,양천로 564 (등촌동),3662-8899,영어
367,강서구,예성약국,강서로 143 ?(화곡동),2699-9513,영어/일어
368,구로구,청와약국,구로구 디지털로27길 109 (가리봉동 89-163),855-1482,"중국어, 영어"
369,구로구,좋은약국,구로구 경인로40길 34 (개봉동 173-1),2615-6999,"중국어, 영어"
370,구로구,태영프라자약국,구로구 경인로59길 8 태영프라자 108호 (신도림동 437-1),2068-5733,영어
371,구로구,열린약국,구로구 고척로 142-1 (고척동 253-194),2625-6040,영어
372,구로구,구로프라자약국,구로구 개봉로 28 (개봉동 403-162),2613-6044,영어
373,구로구,한마을약국,구로구 경인로 382 한마을아파트상가 1-110호 (개봉동 476),2613-3006,영어
374,구로구,훼미리약국,구로구 고척로 139 (고척동 253-116),2683-3785,영어
375,구로구,아이사랑태평양약국,"구로구 새말로 15 삼전솔하임 101,102호 (구로동 586-5)",853-3001,영어
376,구로구,종로프라자약국,구로구 구로중앙로 17 (구로동 142-62),839-7422,영어
377,구로구,메디신약국,구로구 목동남로 32 보광빌딩 1층 (고척동 38-8),2687-0322,영어
378,구로구,대학약국,구로구 구로동로 149-1 (구로동 704-58),865-4910,영어
379,구로구,참온누리약국,구로구 오리로 1149 랑데르 B-108호 (오류동 306-4),070-4222-1177,"중국어, 영어"
380,금천구,가산약국,가산로 116(가산동) ,838-1158,영어
381,금천구,토마스약국,시흥대로112길 6(독산동),855-3843,"영어, 독일어"
382,금천구,신양온누리약국,시흥대로58길 38(시흥동),804-1230,중국어
383,금천구,메디팜큰사랑약국,"시흥대로 201, 지하1층(시흥동)",805-8943,영어
384,금천구,윤경약국,남부순환로 1426(독산동),"802-5639, 838-9256",영어
385,금천구,한중약국,독산로 136(시흥동),804-6985,중국어
386,금천구,전진상약국,탑골로3가길 22(시흥동),802-9314,"영어, 불어"
387,금천구,마미약국,"금하로 720, 206호(시흥동)",895-8902,영어
388,금천구,프라자약국,"가산디지털1로 168, A/115(가산동, 우림라이온스밸리)",2026-0011,영어
389,영등포구,평안온누리약국,양평로 24길 9 한신아파트상가,2634-6769,영어
390,영등포구,육교약국,신길로150 ,833-4830,영어
391,영등포구,서울온누리약국,당산로31길 14,3667-1360,영어
392,영등포구,부부정약국,양평로 64,2676-8288,영어
393,영등포구,선경약국,국제금융로2길 24 지하1층,786-1192,영어
394,영등포구,이도약국,당산로31길 6,2633-7167,영어
395,동작구,흑석유약국,동작구 현충로 10길 6 흑석한강센트레빌상가 110호,884-1511,중국어
396,동작구,대일약국,동작구 동작대로27길 22,591-4655,영어
397,동작구,효성약국,동작구 상도로 181,813-0467,"영어, 중국어"
398,동작구,화생약국,동작구 노량진로6길 26,813-1551,중국어
399,동작구,강림약국,동작구 시흥대로 668-2,832-8975,영어
400,동작구,옵티마 다정약국,"동작구 동작대로29길 69 두성프라자120,121호",595-8804,영어
401,동작구,성대약국,동작구 성대로 11,821-1519,일본어
402,동작구,보라매대학약국,동작구 보라매로5길 23 101호,831-1922,영어
403,동작구,해뜨는약국,동작구 양녕로 281 1층,816-3869,영어
404,동작구,사당프라자약국,동작구 사당로 230-1 1층,3474-4170,영어
405,동작구,한빛평화약국,동작구 시흥대로 668,848-4566,"영어,중국어"
406,동작구,신대방약국,동작구 상도로 77,822-1344,영어
407,동작구,해가든약국,동작구 서달로150 해가든상가 202호,821-8531,영어
408,동작구,큰사랑약국,동작구 상도로 47길 99-5,826-8976,영어
409,동작구,열린약국,동작구 보라매로5길 23 지하1층 B117호,849-8250,영어
410,동작구,신세명약국,동작구 서달로 163,812-0993,영어
411,동작구,바다의별약국,동작구 상도로 172,821-3130,영어
412,동작구,신중앙약국,동작구 흑석로 103,822-0443,영어
413,동작구,보라매조은약국,동작구 보라매로5길 23 지하1층 122호,833-9505,"영어, 중국어"
414,동작구,금강약국,동작구 매봉로 178 B02호,817-1918,영어
415,동작구,엄마랑약국,동작구 장승배기로 107,813-1593,"영어, 일본어"
416,동작구,친절한약국,동작구 사당로 224,584-0072,영어
417,동작구,태평양약국,동작구 사당로 227,3477-9477,영어
418,동작구,정다운약국,"동작구 만양로 19 311,312호",6267-7575,영어
419,관악구,튼튼약국,신원로 16 (신림동),856-0528,영어
420,관악구,오렌지약국,관악로 164 (봉천동),888-5887,영어
421,관악구,봉천프라자약국,남부순환로 1734 (봉천동),875-1711,영어
422,관악구,인제약국,원신2길 17 (신림동),877-8597,영어
423,관악구,한미약국,호암로 535 (신림동),878-7949,영어
424,관악구,봄내약국,신림로5길 31 (신림동),882-8234,영어
425,관악구,양생약국,남부순환로234길 27 (봉천동),872-9954,영어
426,서초구,브라운스톤약국,서초대로 334 (서초동.브라운스톤서초),02-598-2545,영어
427,서초구,행복나눔약국,잠원로 24 (반포동) 반포자이프라자상가 4층,02-533-3107,영어
428,서초구,세계로약국,동작대로 38 (방배동),02-3474-2599,영어
429,서초구,민경약국,강남대로 617 (잠원동) 대양빌딩 201호,02-517-0072,영어
430,서초구,아라약국,서초대로77길 3 (서초동)아라타워 1층,02-530-8575,영어
431,서초구,녹십자약국,방배로 25길 4(방배동),02-533-5287,"영어, 일본어"
432,서초구,두리약국,사임당로 180 (서초동) 보원빌딩 201호,02-583-9305,영어
433,서초구,늘푸른약국,반포대로 114 (서초동 SR 타워) 지하1층 103호,02-597-4425,영어
434,서초구,다나약국,효령로 229 (서초동),02-597-3514,영어
435,서초구,양재팜24약국,남부순환로 2575(서초동) 신방빌딩,02-581-8224,영어
436,서초구,신오약국,강남대로61길 7 (서초동),02-3482-3562,영어
437,서초구,킴스약국,잠원로 69 (잠원동) 킴스클럽1층,02-537-5716,영어
438,서초구,강남메디칼약국,방배로 174 (방배동),02-594-0801,영어
439,서초구,하나로약국,청계산로 10 (양재동) 농협하나로클럽 1층,02-578-4955,영어
440,서초구,금화약국 ,반포대로 287 (반포동) 래미안퍼스티지중심상가 125호,02-842-4484,영어
441,서초구,서초삼성약국,"서초대로 74길 23(서초동, 서초타운트라팰리스) 102호",02-3474-0617,영어
442,서초구,스타약국,강남대로 437 (서초동) ,02-3481-6688,영어
443,서초구,사당13번약국,방배천로 5-3 (방배동) 도양빌딩,02-585-2113,"영어, 일본어"
444,서초구,씨티약국,방배로 107 (방배동) ,02-581-0075,일본어
445,서초구,굿모닝약국,신반포로 176 (반포동) 센트럴시티 1층,02-6282-1213,영어
446,서초구,다사랑약국,서초대로74길 11 (서초동) 지하2층,02-581-5773,중국어
447,서초구,신우성약국,잠원동4길 54 (잠원동.매일종합상가) 309호,02-536-3174,영어
448,서초구,교대사랑약국,서초대로 341(서초동),02-3477-0312,영어
449,강남구,포인트약국,"강남구 도산대로 116(논현동, 논현빌딩)",547-3196,영어
450,강남구,소망온누리약국,"강남구 학동로 315(논현동, 소망빌딩)",534-1287,영어
451,강남구,메디팜미래약국,강남구 강남대로 506(논현동),547-4340,영어
452,강남구,미플러스약국,"강남구 강남대로 598(논현동, 보림빌딩 지하1층)",517-2513,영어
453,강남구,파낙스약국,강남구 논현로 629(논현동),518-8766,중국어
454,강남구,제일그랜드약국,강남구 강남대로 478(논현동),546-0093,영어
455,강남구,민생약국,강남구 언주로125길 6(논현동),547-7903,중국어
456,강남구,서울메디약국,강남구 역삼로 406(대치동),501-5063,영어
457,강남구,동성약국,"강남구 삼성로 212(대치동, 은마상가 A-180호)",566-3728,영어
458,강남구,온누리구인당약국,강남구 남부순환로 3032(한보미도종합상가 110호),552-5550,영어
459,강남구,화일약국,강남구 선릉로 328(대치동),"362-8631,2",영어
460,강남구,강남보선약국,"강남구 도곡로 516(대치동, 삼성상가 107호)",568-2310,영어
461,강남구,한티약국,"강남구 선릉로 225(도곡동, 도곡렉슬상가 지하1층 133호)",574-2575,영어
462,강남구,사랑플러스약국,"강남구 선릉로 225(도곡동, 도곡렉슬상가 313호)",2058-2745,영어
463,강남구,연우약국,"강남구 도곡로 242(도곡동, 삼호상가 102호)",557-8672,영어
464,강남구,강남조은약국,"강남구 남부순환로 2633(도곡동, 호림빌딩)",571-9515,영어
465,강남구,참좋은약국,"강남구 테헤란로87길 17(삼성동, 마젤란21상가 103호)",508-1363,영어
466,강남구,삼성건강약국,강남구 삼성로 670(삼성동),517-3520,영어
467,강남구,팜메이트선능수정약국,강남구 선릉로 510(삼성동),558-8025,영어
468,강남구,강남우리온누리약국,"강남구 테헤란로 403(삼성동, 리치타워빌딩)",572-1452,영어
469,강남구,삼성일신약국,강남구 테헤란로 421(삼성동),538-1018,영어
470,강남구,소망약국,"강남구 테헤란로87길 13(삼성동, 서영빌딩)",555-6806,영어
471,강남구,옵티마대영약국,"강남구 삼성로 642(삼성동, 삼성빌딩)",514-7850,영어
472,강남구,수서약국,"강남구 광평로56길 11(수서동, 도시개발(아)6단지상가 109호)",459-2293,중국어
473,강남구,코스모스약국,"강남구 강남대로 626(신사동, 뮤직메트로빌딩)",515-3555,영어
474,강남구,가나안약국,강남구 도산대로 113(신사동),549-8774,영어
475,강남구,태양약국,"강남구 압구정로 150(신사동, 신운빌딩)",3442-4492,영어
476,강남구,압구정미약국,강남구 논현로175길 25(신사동),548-0085,영어
477,강남구,압구정온누리약국,"강남구 압구정로 164(신사동, 아세아빌딩)",514-0777,영어
478,강남구,압구정프라자온누리약국,"강남구 논현로 857(신사동, 계룡빌딩)",511-3801,영어
479,강남구,비원약국,"강남구 논현로 824, 1층 일부(신사동)",541-6939,영어
480,강남구,메디팜압구정약국,"강남구 논현로160길 13(신사동, 명진빌딩)",547-7585,영어
481,강남구,하나약국,"강남구 압구정로 224(신사동, 우미빌딩 207호)",543-6650,영어
482,강남구,예스약국,"강남구 언주로 865(신사동, 태승빌딩)",3445-8214,영어
483,강남구,압구정늘푸른약국,"강남구 압구정로 306(신사동, 반도상가 )",516-8753,영어
484,강남구,압구정약국,강남구 선릉로 845(신사동),543-0701,영어
485,강남구,로데오약국,"강남구 선릉로 823(신사동, 한양타운)",540-4091,영어
486,강남구,봄약국,"강남구 압구정로29길 72-1(압구정동, 신사시장 A동 109호)",543-2251,영어
487,강남구,일번지약국,"강남구 강남대로84길 23(역삼동, 한라클래식)",567-2501,영어
488,강남구,참좋은선약국,"강남구 논현로 507(역삼동, 성지하이츠3차 지하1층7호)",3453-3501,영어
489,강남구,아톰약국,강남구 테헤란로 103(역삼동),562-6575,영어
490,강남구,삼성하나약국,강남구 테헤란로 509(삼성동),569-4130,영어
491,강남구,역삼다인약국,강남구 논현로 521-3(역삼동),3453-3589,영어
492,강남구,온누리기쁜약국,강남구 봉은사로30길 17(역삼동),566-0027,"일어,영어"
493,강남구,다래약국,"강남구 논현로 508(역삼동, GS강남타워 지하1층)",567-9361,영어
494,강남구,온누리해림약국,"강남구 테헤란로 152(역삼동, 스타타워빌딩내 아케이드 지하2층)",2112-2911,영어
495,강남구,신혜성약국,"강남구 논현로 409(역삼동, 백남빌딩)",558-6338~9,영어
496,강남구,아름다운우리약국,강남구 논현로 327(역삼동),564-7582,영어
497,강남구,웰약국,"강남구 강남대로 432(역삼동, 점프밀라노)",6440-5656,영어
498,강남구,더블유스토어강남씨티약국,강남구 강남대로 416(역삼동),553-1608,영어
499,강남구,큰길약국,"강남구 강남대로 370(역삼동, 삼아빌딩 지하1층)",553-1517,영어
500,강남구,목화약국,강남구 양재대로55길 11(일원동),2226-2268,영어
501,강남구,일원역약국,"강남구 일원로 지하 121(일원본동, 일원역구내 348-1호)",02-451-8233,영어
502,강남구,열린약국,"강남구 일원로 95(일원본동, 신영프라자)","3411-1007,1009","일어,영어"
503,강남구,새생명약국,강남구 도산대로 522(청담동),512-3389,영어
504,강남구,영지약국,강남구 도산대로92길 6(청담동),547-3443,영어
505,강남구,건영약국,"강남구 선릉로 806(청담동, 지하1층)",541-7378,영어
506,송파구,가까운이화약국,"송파구 올림픽로43길 30, 지층(풍납동, 우성상가)",489-4383,"영어, 중국어, 일어"
507,송파구,강남대학약국,송파구 강동대로 57(풍납동),473-0111,영어
508,송파구,남매약국,송파구 오금로64길 4(거여동),407-8774,영어
509,송파구,다사랑약국,송파구 올림픽로43길 26(풍납동),477-2590,영어
510,송파구,새독일약국,송파대로 372(송파동),423-9455,영어
511,송파구,이화약산온누리약국,송파구 가락로 211(송파동),419-2755,영어
512,송파구,지앤미약국,송파구 동남로 215(가락동),402-0612,"영어, 일어"
513,송파구,지용약국,송파구 백제고분로48길 27(방이동),415-2336,"영어, 일어"
514,송파구,한독약국,"송파구 중대로 80, 3층(문정동, 롯데마트)",409-3559,독일어
515,송파구,가장큰현대아산약국,송파구 강동대로 67(풍납동),488-4214,영어
516,송파구,훼미리약국,"송파구 중대로 68, 106호(문정동, 샤르망빌딩)",400-2112,영어
517,송파구,그랜드약국,송파구 마천로 35(방이동),418-5662,영어
518,송파구,메디슨약국,"송파구 송이로 111, 1층(가락동, 청석빌딩)",443-7789,영어
519,송파구,첨소망약국,"송파구 양재대로 1222, 올림픽프라자상가 315호(방이동)",408-3393,영어
520,송파구,왕약국,송파구 백제고분로 261(삼전동),2202-5941,영어
521,송파구,대동약국,송파구 가락로 175(송파동),418-6551,영어
522,송파구,상일약국,"송파구 올림픽로35가길 11, 110호(신천동, 한신잠실코아)",414-0185,일본어
523,송파구,옵티마리오약국,"송파구 올림픽로 435, A동 416호(신천동, 파크리오상가A동)",413-8205,영어
524,송파구,시티약국,송파구 올림픽로 116(잠실동),3431-4115,영어
525,송파구,봄약국,송파구 풍성로 55(풍납동),474-3118,영어
526,송파구,우리온누리약국,"송파구 석촌호수로 61, 411호(잠실동, 트리지움상가)",412-5632,"영어, 중국어"
527,송파구,편한대영약국,송파구 강동대로 76(풍납동),485-9100,일어
528,송파구,신아산약국,송파구 강동대로7길 4(풍납동),596-1136,영어
529,송파구,밝은중앙약국,송파구 강동대로 73(풍납동),482-2621,영어
530,송파구,나루역사거리현대약국,"송파구 올림픽로 435, A동 163, 164호(신천동, 파크리오상가A동)",487-1218,영어
531,송파구,올리브약국,송파구 강동대로7길 3(풍납동),477-0969,영어
532,송파구,아산메디칼약국,송파구 강동대로 61(풍납동),488-8575,영어
533,강동구,튼튼온누리약국,"강동구 올림픽로 746, 1층(천호동)",486-1380,영어
534,강동구,길동중앙약국,강동구 천호대로187길 53(길동),484-7747,영어
535,강동구,동아약국,강동구 천호대로 997(천호동),485-4195,영어
536,강동구,덕인약국,강동구 구천면로 287(천호동),471-2772,영어
537,강동구,조이약국,"강동구 천호대로 1006, 306호(천호동)",485-7373,영어
538,강동구 ,옵티마연당약국,강동구 양재대로 1655(명일동),3426-2323,영어
539,강동구,베스트약국,강동구 양재대로 1325(성내동),474-2447,영어
540,강동구 ,강동메디칼약국,강동구 올림픽로 686(천호동),483-0108,영어
541,강동구,강남약국,강동구 양재대로 1355(성내동),486-7823,"중국어, 영어"
542,강동구,명일마트종로약국,"강동구 고덕로 276, 지하(명일동, 이마트)",428-7845,영어
543,강동구,파란약국,강동구 양재대로 1325(성내동),484-2479,영어
544,강동구,대한약국,강동구 천호대로 1027(천호동),483-9165,영어
545,강동구,보운약국,강동구 진황도로61길 42(둔촌동),477-8088,"영어, 일어"
546,강동구,한림약국,강동구 성안로 149(천호동),486-9744,"영어, 일어"
547,강동구,시민당약국,강동구 양재대로 1478(길동),479-8100,영어
548,강동구 ,위드팜천사약국,"강동구 천호대로 1107, 101호(길동)",483-8200,"영어, 일어"
549,강동구,두레약국,강동구 고덕로83길 6(고덕동),429-1662,"영어, 일어"
550,강동구,승민약국,강동구 천호대로 1158(둔촌동),487-1201,일어
